ID#,train_date,Trainertype,t_rating01,t_rating02,t_rating03,t_rating04,t_rating05,t_rating06,t_rating07,t_rating08,t_rating09,t_rating10,t_rating11,t_rating12,t_rating13,t_rating14,t_rating15,t_rating16,t_rating17,t_rating18,t_rating19,t_rating20,t_rating21,t_rating22,t_rating23,t_rating24,Charac_avg,Train_comp
7015,42341,1,4,4,4,4,4,4,4,4,4,4,4,4,4,4,4,4,4,4,4,4,4,4,4,4,4,4
7100,42426,1,5,5,5,5,4,5,5,4,5,4,5,5,5,5,5,5,5,4,3,5,4,4,5,5,4.684210526,4.6
7100,42426,0,5,5,5,5,4,5,5,4,5,5,5,5,5,5,5,5,5,4,3,5,4,4,5,5,4.736842105,4.6
7101,42424,1,4,4,5,5,4,5,5,4,5,5,5,5,5,5,4,4,5,4,4,999,999,999,999,999,4.578947368, 
7101,42424,0,4,4,4,5,5,4,5,5,5,4,5,4,4,4,5,4,5,4,4,4,3,4,4,4,4.421052632,3.8
7103,42345,0,4,4,4,5,4,5,4,5,4,5,4,4,4,4,4,5,4,4,5,4,4,4,4,4,4.315789474,4
7103,42345,1,4,4,4,5,5,4,4,4,5,4,4,5,4,999,5,4,4,4,4,44,4,4,4,4,4.277777778,12
7105,42341,0,4,4,4,4,4,4,3,3,4,4,4,4,4,4,4,4,4,4,5,4,5,4,4,5,3.947368421,4.4
7107,42426,1,3,4,4,4,4,4,4,4,3,4,3,3,3,3,5,5,5,5,5,999,999,999,999,999,3.947368421, 
7107,42426,0,3,3,3,3,3,5,4,3,4,5,5,3,4,5,5,5,5,5,5,999,999,999,999,999,4.105263158, 
7108,42341,0,4,4,5,5,3,4,4,4,4,2,4,5,3,4,5,4,4,5,5,4,3,3,3,4,4.105263158,3.4
7108,42341,1,4,4,4,5,5,5,4,5,5,3,4,4,4,3,5,4,5,5,5,4,4,4,4,4,4.368421053,4
7109, ,1,5,5,5,5,4,5,5,4,5,4,5,5,5,5,4,4,5,5,5,5,4,4,4,4,4.736842105,4.2
7109, ,0,3,4,3,5,4,5,4,4,4,5,5,4,5,5,5,5,5,5,5,5,5,4,3,3,4.473684211,4
7109, ,1,5,5,4,4,5,5,5,5,5,4,5,5,5,5,4,4,5,5,5,5,4,3,3,3,4.736842105,3.6
7110,42341,0,3,3,3,4,4,5,4,4,5,4,5,4,3,2,3,4,3,4,5,2,4,4,3,2,3.789473684,3
7110,42341,1,4,3,4,5,5,3,5,5,4,4,4,5,5,5,2,3,4,2,3,3,3,2,4,3,3.947368421,3
7111,42345,0,5,5,5,5,5,5,5,4,5,5,5,5,5,5,5,5,5,5,5,4,5,4,4,4,4.947368421,4.2
7111,42346,1,4,4,4,4,4,4,4,4,4,4,4,4,4,4,4,4,4,4,4,4,4,4,4,4,4,4
7113,42341,0,4,4,4,4,3,4,4,4,4,3,4,4,4,4,4,4,4,4,4,4,4,4,3,3,3.894736842,3.6
7113,42341,1,4,4,4,4,4,4,4,4,4,4,4,4,4,4,4,4,4,3,3,4,4,4,3,3,3.894736842,3.6
7114,42396,1,4,5,4,4,3,4,4,2,4,4,4,4,4,5,5,5,5,5,5,5,5,5,5,5,4.210526316,5
7114,42396,0,4,5,4,5,3,3,5,3,5,3,3,4,4,5,5,5,5,5,5,4,5,5,5,5,4.263157895,4.8
7114,42396,1,5,4,5,5,5,5,5,5,5,5,5,5,5,5,5,5,5,5,4,4,5,5,5,5,4.894736842,4.8
7117,42396,1,4,4,4,3,3,4,4,4,4,3,3,4,999,5,4,4,4,5,4,4,4,4,4,4,3.888888889,4
7117,42396,0,3,3,3,3,3,3,3,3,3,3,3,3,3,3,5,3,4,5,5,0,0,0,0,0,3.368421053,0
7117,42396,0,3,3,3,5,2,5,3,2,4,4,3,3,3,3,5,5,5,5,5,4,4,4,4,4,3.736842105,4
7117,42396,1,4,4,4,3,4,4,5,4,5,4,4,5,5,5,3,4,4,4,4,4,4,4,4,4,4.157894737,4
7118,42344,0,4,4,5,5,4,4,4,4,5,5,5,5,4,4,5,5,4,5,5,4,4,5,5,5,4.526315789,4.6
7118,42346,1,4,4,4,5,5,4,5,5,5,4,4,4,5,5,5,4,4,4,5,4,4,4,5,5,4.473684211,4.4
7120,42396,1,5,5,5,5,5,5,5,5,5,5,5,5,5,4,5,5,5,4,4,4,4,4,4,4,4.842105263,4
7120,42396,0,4,4,3,3,3,3,4,3,4,3,4,4,3,4,5,5,5,5,5,4,4,4,4,4,3.894736842,4
7120,42396,0,4,4,4,3,3,3,4,4,4,4,4,4,4,4,5,5,5,4,5,4,5,5,5,5,4.052631579,4.8
7120,42396,1,5,5,5,4,5,5,5,4,4,5,4,4,4,4,4,4,4,4,4,4,4,4,4,4,4.368421053,4
7123,42424,1,4,4,4,3,3,4,5,3,3,3,5,4,4,3,5,4,5,5,5,5,3,3,5,4,4,4
7123,42424,0,4,4,3,5,5,5,5,5,5,4,5,4,5,5,5,5,5,4,5,4,4,5,5,5,4.631578947,4.6
7124,42341,0,4,4,4,5,5,5,4,5,5,5,5,4,5,5,5,5,5,5,5,4,5,5,5,5,4.736842105,4.8
7124,42341,1,5,5,5,5,5,5,5,5,5,5,5,5,5,5,5,5,5,5,5,5,5,5,5,5,5,5
7126, ,1,3,3,4,5,5,5,5,4,4,3,4,3,3,3,5,5,5,5,5,2,3,3,3,3,4.157894737,2.8
7126, ,0,4,3,4,5,5,5,5,4,3,5,5,4,5,4,5,5,5,5,5,4,5,5,5,5,4.526315789,4.8
7126, ,1,4,4,4,3,3,4,4,3,4,3,3,4,4,4,4,4,4,4,4,3,3,3,3,3,3.736842105,3
7127,42346,0,5,5,5,4,4,5,5,4,4,5,5,4,4,5,5,5,5,5,5,5,5,4,5,4,4.684210526,4.6
7127,42346,1,5,5,5,5,4,4,5,5,5,5,5,4,5,5,5,4,5,5,5,999,999,999,999,999,4.789473684, 
7128,42383,0,5,5,5,5,5,5,5,5,5,5,5,5,5,5,5,5,5,5,5,5,5,5,5,5,5,5
7128,42383,0,5,5,5,5,5,5,5,5,5,5,5,5,5,5,5,5,5,5,5,5,5,5,5,5,5,5
7130,42424,1,5,5,5,5,5,5,5,5,5,5,5,5,5,5,5,5,5,5,5,5,5,5,5,5,5,5
7130,42424,0,5,5,5,5,5,5,5,5,5,5,5,5,5,5,5,5,5,5,5,5,5,5,5,5,5,5
7131,42424,1,4,4,5,5,5,5,5,5,5,5,5,5,5,5,5,5,5,5,5,5,5,5,5,5,4.894736842,5
7131,42424,0,5,5,5,5,5,5,5,5,5,5,4,5,5,5,4,5,5,5,5,5,5,5,5,5,4.894736842,5
7133,42426,1,4,4,4,5,5,5,5,5,5,4,4,4,5,4,5,4,4,4,4,4,4,5,4,5,4.421052632,4.4
7133,42426,0,4,4,4,4,4,5,5,5,5,4,4,4,5,4,5,4,5,4,4,4,4,4,4,5,4.368421053,4.2
7135,42397,1,4,4,4,4,4,3,4,3,4,4,4,5,4,4,3,4,4,3,3,999,999,999,999,999,3.789473684, 
7135,42397,0,4,4,4,5,4,5,4,3,4,5,5,4,4,4,5,5,5,4,4,4,4,4,4,4,4.315789474,4
7135,42397,0,4,4,4,5,5,5,4,5,5,5,5,4,5,4,5,5,5,4,4,4,4,4,5,4,4.578947368,4.2
7135,42397,1,4,4,5,4,4,3,4,4,4,4,3,4,4,5,4,4,4,3,3,4,4,4,4,4,3.894736842,4
7138,42396,1,4,4,4,5,5,5,5,5,5,5,4,5,5,5,4,4,5,5,5,5,5,5,5,5,4.684210526,5
7138,42396,0,3,3,3,3,3,3,3,3,3,3,3,3,3,3,4,4,4,4,4,999,999,999,999,999,3.263157895, 
7138,42396,0,3,3,3,4,3,4,4,4,4,4,4,4,3,3,5,5,5,4,5,4,4,4,4,4,3.894736842,4
7138,42396,1,3,4,4,3,3,3,4,5,4,4,4,4,3,4,3,3,4,3,3,4,3,4,4,4,3.578947368,3.8
7139,42346,0,4,5,5,5,4,4,5,4,5,5,5,5,4,5,4,5,5,5,5,5,5,4,4,4,4.684210526,4.4
7139,42346,1,4,4,4,5,4,3,4,4,4,5,5,4,4,3,4,5,5,5,5,5,4,5,5,5,4.263157895,4.8
7140,42341,0,4,4,4,5,5,5,4,4,4,4,4,4,3,4,4,4,4,4,4,5,4,4,5,4,4.105263158,4.4
7140,42341,1,4,4,5,4,4,3,4,5,4,3,3,3,3,4,4,4,5,4,4,5,4,4,5,5,3.894736842,4.6
7141,42424,1,5,5,5,5,5,5,5,5,5,5,5,5,5,5,5,5,5,5,5,999,999,999,999,999,5, 
7141,42424,0,5,5,5,5,5,5,5,5,5,5,5,5,5,5,5,5,5,5,5,999,999,999,999,999,5, 
7142, ,1,4,5,4,3,4,4,4,4,5,4,4,3,4,4,5,4,4,5,5,4,4,5,5,4,4.157894737,4.4
7142, ,0,5,4,4,4,4,5,4,4,4,4,5,4,4,4,3,5,4,5,5,4,5,5,5,5,4.263157895,4.8
7142, ,1,4,5,4,4,5,4,3,5,4,4,3,3,4,4,5,4,4,5,5,3,4,4,4,5,4.157894737,4
7143, ,1,4,4,4,3,3,3,4,3,3,3,3,3,3,3,3,3,4,4,4,3,3,3,3,3,3.368421053,3
7143, ,0,4,4,5,4,3,4,5,3,5,4,4,4,4,4,4,4,4,4,4,4,4,4,4,4,4.052631579,4
7143, ,1,4,4,4,3,2,3,4,3,3,3,3,4,4,3,3,3,4,4,4,3,3,3,3,3,3.421052632,3
7145,42396,1,5,5,5,5,5,5,5,5,5,5,5,5,5,5,5,5,5,5,5,5,5,5,5,5,5,5
7145,42396,0,5,5,5,4,4,4,5,4,5,4,5,5,5,4,5,5,5,5,5,5,4,5,5,5,4.684210526,4.8
7145,42396,0,4,4,4,5,5,5,4,5,4,5,5,5,5,4,5,5,5,5,5,4,5,5,5,5,4.684210526,4.8
7145,42396,1,5,5,5,5,5,5,5,5,5,5,5,5,5,5,5,5,5,5,5,5,5,4,5,4,5,4.6
7146,42345,0,4,3,4,5,5,5,4,2,4,5,4,3,3,4,5,5,5,5,5,5,5,5,5,5,4.210526316,5
7146,42345,1,4,4,4,5,5,5,5,5,5,5,4,4,5,5,5,5,5,5,5,5,5,5,5,5,4.736842105,5
7147,42396,1,5,4,4,4,5,5,5,4,4,4,4,4,4,4,3,4,4,4,4,4,4,4,4,4,4.157894737,4
7147,42396,0,3,3,3,3,3,3,4,3,3,4,3,4,3,3,5,5,5,5,4,999,999,999,999,999,3.631578947, 
7147,42396,0,4,4,4,4,4,4,4,4,4,4,4,5,5,4,4,5,5,4,4,4,4,3,4,4,4.210526316,3.8
7147,42396,1,4,4,4,4,4,4,4,4,4,4,4,4,4,4,3,4,4,4,4,4,4,4,4,4,3.947368421,4
7148,42346,0,4,4,4,2,3,4,5,2,4,2,5,5,5,4,5,4,5,5,5,3,3,4,4,4,4.052631579,3.6
7148,42346,1,5,5,4,5,5,5,4,4,5,5,4,4,5,5,5,5,5,5,5,5,4,4,4,5,4.736842105,4.4
7149,42341,0,5,5,5,5,5,5,5,4,5,5,5,5,5,5,5,5,5,5,5,5,5,5,5,5,4.947368421,5
7149,42341,1,5,5,5,5,5,5,5,5,5,5,5,5,5,5,4,5,5,5,5,5,5,5,5,5,4.947368421,5
7150,42426,1,4,4,4,5,5,5,5,5,5,4,4,4,4,4,5,4,5,4,4,999,999,999,999,999,4.421052632, 
7150,42426,0,4,4,4,4,5,5,5,5,5,5,5,4,4,4,5,5,5,4,4,999,999,999,999,999,4.526315789, 
7152,42426,1,5,5,5,5,5,5,5,5,5,5,5,5,5,5,5,5,5,5,5,4,4,5,5,4,5,4.4
7152,42426,0,5,5,5,5,5,5,5,5,5,5,5,5,5,5,5,5,5,5,5,5,5,5,4,4,5,4.6
7153, ,1,5,5,5,5,5,5,5,5,5,5,5,5,5,5,5,5,5,5,5,5,5,5,5,5,5,5
7153, ,0,5,5,5,5,5,5,5,5,5,5,5,5,5,5,5,5,5,5,5,5,5,5,5,5,5,5
7153, ,1,5,5,5,5,5,5,5,5,5,5,5,5,5,5,5,5,5,5,5,5,5,5,5,5,5,5
7154,42346,0,5,5,5,3,3,4,5,2,4,3,4,5,5,5,4,4,5,3,5,5,5,4,5,4,4.157894737,4.6
7154,42346,1,5,5,5,4,4,4,5,4,5,5,4,4,5,4,5,5,5,5,5,4,4,4,5,5,4.631578947,4.4
7155,42396,1,4,4,4,4,3,4,4,3,4,999,999,5,4,4,3,3,4,4,4,4,5,5,4,4,3.823529412,4.4
7155,42396,1,4,4,4,4,4,4,4,4,4,3,4,4,4,4,3,3,4,4,4,4,5,5,4,4,3.842105263,4.4
7156,42383,0,5,5,5,5,4,5,5,5,5,4,5,5,5,5,4,5,5,5,5,5,5,5,5,5,4.842105263,5
7156,42383,0,5,4,5,5,5,5,5,5,5,5,5,5,5,4,5,5,5,4,5,5,5,5,5,5,4.842105263,5
7157,42345,0,4,4,4,4,4,3,4,4,5,4,4,4,4,4,5,5,4,5,5,5,5,5,5,5,4.210526316,5
7157,42345,1,4,4,4,4,4,4,4,4,4,4,4,4,4,4,4,4,4,5,5,5,5,5,5,5,4.105263158,5
7158,42424,1,5,5,5,5,5,5,5,5,5,5,5,5,5,5,5,5,5,5,5,5,4,5,5,5,5,4.8
7158,42424,0,5,5,5,5,5,5,5,5,5,5,5,5,5,5,5,5,5,5,5,5,5,5,5,5,5,5
7159,42341,0,5,4,4,5,5,5,5,5,5,5,5,4,5,5,5,5,5,5,5,4,5,5,5,5,4.842105263,4.8
7159,42341,1,5,5,5,5,5,4,5,5,5,5,5,5,5,5,5,5,5,5,5,5,5,5,5,5,4.947368421,5
7160,42346,0,4,4,4,4,3,4,4,4,4,4,4,4,4,5,4,4,4,4,4,4,4,3,3,4,4,3.6
7160,42346,1,3,4,4,4,5,3,4,5,5,5,5,3,4,4,4,5,5,5,5,4,5,4,5,4,4.315789474,4.4
7162,42426,1,3,3,3,3,3,4,3,4,3,3,4,3,3,3,5,3,4,2,3,999,999,999,999,999,3.263157895, 
7162,42426,0,3,3,3,4,3,3,4,3,3,3,4,3,3,3,3,4,4,2,3,4,3,3,3,3,3.210526316,3.2
7163,42346,0,5,5,5,5,5,5,5,4,5,5,5,5,5,5,5,5,5,5,5,5,5,5,5,5,4.947368421,5
7163,42346,1,5,5,5,5,5,5,5,5,5,5,5,5,5,5,5,5,5,5,5,5,5,5,5,5,5,5
7164,42346,0,4,4,4,4,4,4,4,4,5,4,4,4,4,4,5,5,5,5,5,4,4,4,4,4,4.315789474,4
7164,42346,1,4,4,4,5,4,4,4,4,4,4,4,4,3,4,4,4,5,5,5,4,4,4,4,4,4.157894737,4
7165,42341,0,3,4,4,4,4,5,4,5,5,4,4,3,4,4,5,5,5,5,5,4,4,4,5,5,4.315789474,4.4
7165,42341,1,5,5,5,5,5,4,5,4,4,3,4,5,5,5,5,5,5,4,4,4,5,4,4,4,4.578947368,4.2
7166,42346,0,5,5,5,3,3,4,4,2,3,4,5,5,3,4,5,5,5,5,5,4,5,5,5,5,4.210526316,4.8
7166,42346,1,5,5,5,5,5,4,5,5,5,5,4,5,5,5,5,5,5,5,5,5,4,5,4,5,4.894736842,4.6
7167,42341,0,5,5,5,5,5,5,5,5,5,5,5,5,5,5,5,5,5,5,4,5,5,5,5,5,4.947368421,5
7167,42341,1,4,5,5,5,5,5,5,5,5,5,5,5,5,5,5,5,5,5,5,5,5,5,5,5,4.947368421,5
7168,42424,1,3,3,3,2,2,3,3,2,4,3,4,3,5,4,3,4,5,2,3,3,4,2,3,2,3.210526316,2.8
7168,42424,0,4,4,4,5,5,4,5,5,5,5,5,4,5,5,5,4,4,3,3,4,4,3,4,4,4.421052632,3.8
7169,42383,0,4,4,4,5,5,5,5,5,5,5,5,4,5,5,5,5,5,5,4,4,4,4,4,4,4.736842105,4
7169,42382,0,4,3,3,4,3,3,3,3,3,3,4,3,4,3,4,3,3,3,3,3,3,3,3,3,3.263157895,3
7170, ,1,5,5,5,5,5,5,5,5,4,5,5,4,5,4,5,5,5,5,5,4,4,4,4,4,4.842105263,4
7170, ,0,4,4,5,5,5,5,5,4,5,5,5,5,4,5,5,5,5,5,5,5,4,5,5,5,4.789473684,4.8
7170, ,1,4,4,4,5,5,5,4,4,4,5,5,4,4,3,4,5,5,5,5,4,4,4,4,4,4.421052632,4
7171,42346,0,5,5,5,5,5,5,5,5,5,5,5,5,5,5,5,5,5,5,5,5,5,5,5,5,5,5
7171, ,1,5,5,5,5,5,5,5,5,5,5,5,5,5,5,5,5,5,5,5,5,5,5,5,5,5,5
7172,42345,0,3,2,2,3,3,3,4,3,3,3,4,3,3,3,3,4,4,4,4,3,4,2,2,2,3.210526316,2.6
7172, ,1,3,3,4,4,4,3,4,4,4,3,4,4,4,4,4,4,4,4,4,4,4,3,2,3,3.789473684,3.2
7174,42426,1,5,5,5,5,5,5,5,5,5,5,5,5,5,5,5,5,5,5,5,5,5,5,5,5,5,5
7174,42426,0,5,5,5,5,5,5,5,5,5,5,5,5,5,5,5,5,5,5,5,5,5,5,5,5,5,5
7175, ,0,5,5,5,5,5,5,5,5,5,5,5,5,5,5,5,5,5,5,5,5,5,5,5,5,5,5
7175, ,1,5,5,5,5,5,5,5,5,5,5,5,5,5,5,5,5,5,5,5,5,5,5,5,5,5,5
7176,42426,1,4,4,4,3,2,4,3,3,4,4,5,4,4,5,5,4,4,4,4,4,4,3,4,4,3.894736842,3.8
7176,42426,0,5,4,5,5,5,5,5,5,5,5,4,4,4,5,5,5,5,4,4,5,5,5,5,5,4.684210526,5
7177,42341,0,4,4,4,5,4,5,4,4,5,4,5,4,4,4,5,5,5,5,5,4,4,5,4,5,4.473684211,4.4
7177,42341,1,5,5,5,5,5,4,5,5,5,4,5,5,5,5,5,4,5,4,4,5,4,4,4,4,4.736842105,4.2
7178,42424,1,5,5,5,5,5,5,5,5,5,5,5,5,5,5,5,5,5,5,5,5,4,5,5,5,5,4.8
7178,42424,0,5,5,5,5,4,5,5,4,5,5,5,5,5,5,5,5,5,5,5,5,5,5,5,5,4.894736842,5
7180,42340,0,4,3,4,5,5,5,4,4,4,4,5,4,5,4,5,5,5,5,5,4,4,4,4,4,4.473684211,4
7180,42340,1,4,4,4,3,4,3,4,5,5,4,4,4,4,4,5,5,5,5,5,4,4,4,4,4,4.263157895,4
7184,42426,1,5,5,5,5,5,5,5,5,5,5,5,5,5,5,5,5,5,5,5,5,5,5,5,5,5,5
7184,42426,0,5,5,5,5,5,5,5,5,5,5,5,5,5,5,5,5,5,5,5,5,5,5,5,5,5,5
7185, ,1,3,3,4,4,5,4,4,4,4,3,3,3,3,3,3,3,3,3,3,3,4,3,3,4,3.421052632,3.4
7185, ,0,3,3,3,5,4,3,3,3,3,4,4,3,5,5,5,5,5,4,5,4,5,5,5,5,3.947368421,4.8
7185, ,1,3,3,3,3,4,4,4,4,4,4,4,3,4,4,5,5,4,5,5,4,4,4,4,3,3.947368421,3.8
7186,42426,1,3,3,4,4,4,4,3,4,4,3,4,4,4,3,4,4,4,4,4,3,4,4,3,4,3.736842105,3.6
7186,42426,0,4,4,4,4,4,4,4,4,5,5,5,5,4,3,4,4,4,4,4,4,4,4,4,4,4.157894737,4
7188,42341,0,4,5,4,5,5,5,5,4,5,4,4,4,4,4,5,5,5,5,5,4,5,4,4,4,4.578947368,4.2
7188,42341,1,4,4,5,5,5,5,5,5,5,4,4,4,5,4,5,5,5,5,5,5,4,4,5,4,4.684210526,4.4
7190,42426,1,5,5,5,5,5,5,5,5,5,5,5,5,5,5,5,5,5,5,5,4,4,4,4,4,5,4
7190,42426,0,5,5,5,5,5,5,5,5,5,5,5,5,5,5,5,5,5,5,5,4,4,4,4,4,5,4
7191,42341,0,4,4,4,5,4,4,5,4,5,4,4,5,5,5,5,4,5,4,5,4,5,4,5,5,4.473684211,4.6
7191,42341,1,4,4,4,5,4,4,4,4,5,5,5,5,5,5,5,4,4,5,5,4,5,5,4,4,4.526315789,4.4
7192,42424,1,5,5,5,5,5,5,5,5,5,5,5,5,5,5,5,5,5,5,5,5,5,5,5,5,5,5
7192,42424,0,5,5,5,5,5,5,5,5,5,5,5,5,5,5,5,5,5,5,5,4,5,4,5,5,5,4.6
7193,42426,1,5,5,5,4,5,5,5,5,5,4,5,5,5,5,4,4,4,4,4,5,4,4,5,4,4.631578947,4.4
7193,42426,0,4,5,4,5,5,5,5,5,5,5,5,5,5,5,5,5,5,4,5,5,5,4,5,5,4.842105263,4.8
7197,42424,1,5,5,5,4,4,4,4,4,4,4,4,4,4,4,4,5,5,5,5,5,5,4,5,5,4.368421053,4.8
7197,42424,0,5,5,5,5,4,5,5,4,4,5,4,4,4,4,5,5,5,5,5,5,5,4,5,5,4.631578947,4.8
7199,42396,1,5,5,5,5,5,5,5,5,5,4,4,4,5,5,4,4,5,4,5,4,4,4,4,4,4.684210526,4
7199,42396,0,999,999,999,999,999,999,999,999,999,999,999,999,999,999,999,999,999,999,999,999,999,999,999,999, , 
7199,42396,0,4,3,2,4,1,5,2,1,2,3,5,2,2,2,5,5,5,5,5,2,3,4,4,4,3.315789474,3.4
7199,42396,1,4,4,4,4,4,4,4,4,4,3,4,4,4,4,3,4,3,3,4,4,4,3,4,4,3.789473684,3.8
7200,42346,0,4,4,4,4,3,4,4,3,4,4,5,5,4,5,4,4,4,4,4,4,3,2,4,3,4.052631579,3.2
7200,42346,1,4,4,4,4,5,4,4,5,5,4,4,5,5,5,4,4,4,4,4,4,4,3,4,3,4.315789474,3.6
7202,42712,0,4,4,4,5,3,3,4,3,4,3,4,4,5,5,5,4,4,4,5,4,4,4,4,4,4.052631579,4
7202,42712,1,4,4,4,4,4,4,5,4,4,4,4,4,4,4,5,5,4,4,4,4,4,4,4,4,4.157894737,4
7203,42396,1,4,5,5,3,4,4,5,4,5,4,5,5,5,5,5,5,5,5,5,4,5,5,5,5,4.631578947,4.8
7203, ,0,4,4,4,4,4,4,4,4,4,4,4,4,4,4,5,5,5,5,5,4,4,4,4,4,4.263157895,4
7203,42396,0,4,5,5,5,5,5,5,4,4,5,5,4,4,4,5,5,5,5,5,5,5,5,5,5,4.684210526,5
7203,42396,1,5,5,5,5,5,5,5,5,5,5,5,5,5,5,5,5,5,5,5,5,5,5,5,5,5,5
7204,42426,1,5,5,5,5,5,5,5,4,5,5,5,5,5,5,5,5,5,5,4,5,5,5,5,5,4.894736842,5
7204,42426,0,5,5,5,5,5,5,5,5,5,5,5,5,5,5,5,5,5,5,4,5,5,5,5,5,4.947368421,5
7205,42424,1,4,4,4,4,4,4,4,4,3,4,4,4,4,4,4,4,4,3,4,3,3,3,3,3,3.894736842,3
7205,42424,0,5,5,5,5,5,5,5,5,5,5,5,5,5,5,5,4,5,3,5,4,4,4,4,4,4.842105263,4
7207,42341,0,4,3,3,3,3,4,4,3,3,3,4,3,4,4,4,4,4,4,4,4,4,3,3,4,3.578947368,3.6
7207,42341,1,4,4,4,5,5,4,4,5,5,4,4,3,4,4,4,5,4,4,4,4,4,4,4,4,4.210526316,4
7209,42424,1,4,4,3,3,5,4,4,4,3,3,4,4,4,4,5,4,4,4,4,4,4,4,4,4,3.894736842,4
7209,42424,0,4,5,4,4,4,4,4,3,4,4,4,4,4,4,5,5,5,5,5,4,4,4,4,4,4.263157895,4
7212, ,1,3,3,3,3,3,4,3,4,3,3,3,3,3,3,3,3,3,3,3,3,3,3,3,3,3.105263158,3
7212, ,0,5,5,5,5,5,5,5,4,5,5,5,5,5,5,5,5,5,4,4,5,5,5,5,5,4.842105263,5
7212, ,1,3,3,3,3,3,3,3,3,4,3,3,3,3,3,3,3,3,3,3,3,3,3,3,3,3.052631579,3
7213,42341,0,5,5,5,5,5,5,5,5,5,5,5,5,5,5,5,5,5,5,5,5,5,5,5,5,5,5
7213,42341,1,4,4,3,5,5,5,3,4,4,4,5,3,5,5,5,4,5,5,5,4,5,5,5,5,4.368421053,4.8
7214,42346,0,5,5,4,4,4,5,5,4,5,5,5,4,5,4,5,5,5,5,4,5,5,5,5,5,4.631578947,5
7214,42346,1,4,5,5,5,5,5,4,4,5,5,5,4,5,4,5,5,5,5,5,5,5,5,5,5,4.736842105,5
7215,42341,0,4,4,4,3,4,4,3,4,4,4,4,3,4,3,4,4,4,3,4,4,3,3,4,4,3.736842105,3.6
7215,42341,1,4,4,4,5,5,5,5,5,5,4,4,5,4,5,5,4,5,4,4,5,4,4,4,5,4.526315789,4.4
7216,42341,0,4,4,4,3,3,5,5,3,4,4,4,3,5,5,5,5,4,5,5,4,3,3,4,4,4.210526316,3.6
7216,42341,1,4,5,5,5,5,4,5,5,5,4,5,5,5,5,5,5,4,4,4,5,5,5,4,4,4.684210526,4.6
7218,42396,1,4,4,4,3,2,3,3,2,3,3,3,2,3,3,3,3,3,3,5,3,2,3,3,3,3.105263158,2.8
7218,42396,0,4,4,4,4,4,4,4,4,4,4,4,4,4,4,4,4,4,3,3,4,4,4,4,4,3.894736842,4
7218,42396,0,4,4,3,4,4,4,4,4,4,4,3,3,3,3,5,5,5,5,5,4,4,4,4,4,4,4
7218,42396,1,3,3,3,3,3,3,3,3,4,4,3,3,3,3,3,3,999,4,4,3,3,2,2,3,3.222222222,2.6
7219,42346,0,4,5,5,4,3,4,4,4,4,4,4,4,4,4,5,5,5,5,5,5,4,4,4,4,4.315789474,4.2
7219, ,1,4,4,5,5,5,5,5,5,5,5,5,5,4,5,5,5,5,5,5,5,5,5,5,5,4.842105263,5
7220,42396,1,5,5,5,4,4,4,5,4,5,4,5,5,4,5,4,4,4,5,5,5,5,5,5,5,4.526315789,5
7220,42396,0,4,4,4,4,3,4,4,3,4,3,4,3,3,3,4,4,4,4,4,3,3,3,3,3,3.684210526,3
7220,42396,0,3,3,3,4,3,3,2,2,2,3,4,2,2,2,4,4,4,4,4,3,3,3,3,3,3.052631579,3
7220,42396,1,5,5,5,5,5,5,5,5,5,5,5,5,5,5,5,5,5,5,5,5,5,5,5,5,5,5
7221,42396,1,4,4,4,3,3,3,3,3,3,3,3,3,3,5,3,3,5,5,5,3,3,4,3,4,3.578947368,3.4
7221,42396,0,3,4,4,3,3,3,3,3,4,3,4,3,3,3,4,4,5,5,5,999,999,999,999,999,3.631578947, 
7221,42396,0,4,4,4,5,5,5,5,4,4,5,5,4,4,4,5,5,5,4,4,4,5,4,5,5,4.473684211,4.6
7221,42396,1,4,4,4,5,5,5,5,5,5,4,4,4,4,4,3,3,5,4,4,4,4,4,4,4,4.263157895,4
7222,42383,0,4,4,4,4,4,4,4,4,4,4,4,4,4,4,4,4,4,4,4,4,4,4,4,4,4,4
7222,42382,0,4,4,4,4,4,4,4,4,4,4,4,4,4,4,4,4,4,4,4,4,4,4,4,4,4,4
7223,42426,1,999,999,999,999,999,999,999,999,999,999,999,999,999,999,999,999,999,999,999,4,3,4,4,4, ,3.8
7223,42426,0,999,999,999,999,999,999,999,999,999,999,999,999,999,999,999,999,999,999,999,4,4,3,4,5, ,4
7224,42346,0,5,5,5,5,5,5,5,5,5,5,5,5,5,5,5,5,5,5,5,5,5,4,5,5,5,4.8
7224,42346,1,5,5,5,5,5,5,5,5,5,5,5,5,5,5,5,5,5,5,5,5,5,5,5,5,5,5
7225,42345,0,4,5,3,2,4,5,2,3,3,5,4,4,4,999,999,999,9999,999,999,4,3,5,4,4,3.692307692,4
7225,42346,1,4,4,4,5,5,5,4,5,4,4,5,4,4,4,5,5,4,4,4,4,5,4,3,4,4.368421053,4
7226,42346,0,4,4,3,3,3,3,3,4,3,3,3,4,4,3,3,3,4,2,2,3,2,2,3,3,3.210526316,2.6
7226,42346,1,4,4,4,3,3,3,3,3,3,3,3,3,3,3,4,4,4,3,3,3,2,2,3,2,3.315789474,2.4
7227,42396,1,5,5,5,5,5,5,5,5,5,5,5,5,5,5,5,5,5,5,5,5,5,5,5,5,5,5
7227,42396,0,5,5,5,5,5,5,5,5,5,5,5,5,5,5,5,5,5,5,5,5,5,5,5,5,5,5
7227,42396,0,3,2,2,3,4,5,2,3,2,2,4,2,3,1,5,4,4,3,4,2,2,4,2,2,3.052631579,2.4
7227,42396,1,5,5,5,5,5,5,5,5,5,5,5,5,5,5,4,4,5,4,5,4,5,4,5,4,4.842105263,4.4
7228,42346,0,5,4,4,4,4,4,4,4,4,4,5,5,5,5,5,5,5,5,5,4,3,4,4,4,4.526315789,3.8
7228,42346,1,4,4,4,5,5,5,5,5,5,4,4,4,5,5,5,5,5,4,4,4,3,4,5,4,4.578947368,4
7229,42341,0,3,3,3,3,3,4,4,3,3,3,4,3,4,4,5,4,4,4,4,3,3,3,3,3,3.578947368,3
7229,42341,1,3,3,4,4,5,4,4,5,4,4,4,4,4,4,4,5,4,4,3,3,3,3,3,3,4,3
7230, ,1,4,4,4,4,4,4,4,4,4,4,4,4,4,4,4,4,4,4,4,4,4,4,4,3,4,3.8
7230, ,0,5,4,4,1,2,4,4,2,3,3,5,5,4,5,5,5,5,1,5,5,4,2,4,1,3.789473684,3.2
7230, ,1,4,4,4,4,5,5,4,5,5,4,4,4,5,4,4,4,4,4,4,4,4,4,4,4,4.263157895,4
7232,42341,0,4,4,4,5,5,5,5,4,5,3,5,5,5,5,5,5,5,5,5,9999,999,9999,9999,9999,4.684210526, 
7232,42341,1,4,4,4,5,5,5,5,5,4,4,4,4,5,5,5,5,5,5,5,999,999,999,999,999,4.631578947, 
7233, ,1,2,3,3,3,3,4,2,3,2,2,4,2,2,2,4,4,4,3,3,3,3,3,3,3,2.894736842,3
7233, ,0,4,4,4,4,3,5,4,4,5,4,5,4,4,4,5,5,5,5,5,4,5,4,5,4,4.368421053,4.4
7233, ,1,4,4,4,3,3,3,5,3,5,3,4,5,4,4,4,4,4,4,4,4,4,4,4,4,3.894736842,4
7234,42341,0,4,4,4,4,4,4,4,4,4,4,4,4,4,4,4,4,4,4,4,4,4,4,4,4,4,4
7234,42341,1,4,4,4,4,4,4,4,4,4,4,4,4,4,4,4,4,4,4,4,4,4,4,4,4,4,4
7235,42383,0,5,5,5,5,5,5,5,5,5,5,5,5,5,5,5,5,5,5,5,5,5,5,5,5,5,5
7235,42383,0,5,5,5,5,5,5,5,5,5,5,5,5,5,5,5,5,5,5,5,5,5,5,5,5,5,5
7236,42346,0,5,4,5,4,3,5,4,3,4,4,5,4,4,5,5,5,5,5,5,4,4,4,4,4,4.421052632,4
7238,42397,1,5,5,4,4,4,4,4,5,5,4,5,5,4,5,4,5,5,5,5,4,4,4,4,4,4.578947368,4
7238,42397,0,4,4,4,4,4,5,4,4,4,4,5,4,4,4,5,5,5,5,5,999,999,999,999,999,4.368421053, 
7238,42397,0,3,3,4,4,3,3,3,3,3,4,4,4,3,3,5,5,5,5,5,999,999,999,999,999,3.789473684, 
7238,42397,1,5,5,5,4,4,4,4,5,5,4,5,5,4,5,4,5,5,5,5,4,4,4,4,4,4.631578947,4
7239,42396,1,4,4,4,4,3,4,4,3,4,3,3,4,4,4,3,4,4,4,4,4,4,4,4,4,3.736842105,4
7239,42396,0,4,4,4,4,3,4,4,3,4,4,3,4,4,4,5,5,4,4,4,4,4,4,4,4,3.947368421,4
7239,42396,0,4,4,4,4,4,4,4,4,4,4,4,4,4,4,5,5,4,4,5,4,4,4,4,4,4.157894737,4
7239,42396,1,4,4,4,4,4,4,4,4,4,4,4,4,4,4,4,4,4,4,4,4,4,4,4,4,4,4
7240,42396,1,4,4,4,3,2,2,3,2,3,1,1,3,1,3,2,2,3,2,2,999,999,999,999,999,2.473684211, 
7240,42396,0,2,3,3,2,2,2,3,2,2,2,2,3,3,3,2,2,3,2,2,2,2,2,2,2,2.368421053,2
7240,42396,0,3,3,4,3,3,3,3,2,4,3,3,3,3,3,5,4,4,4,4,3,3,3,3,3,3.368421053,3
7240,42396,1,3,4,1,2,2,1,3,2,2,2,2,3,3,3,3,3,3,3,3,2,2,2,2,2,2.526315789,2
7241,42424,1,5,5,5,5,5,5,5,5,5,5,5,5,5,5,5,5,5,5,5,5,5,5,5,5,5,5
7241,42424,0,5,5,5,5,5,5,5,5,5,5,5,5,5,5,5,5,5,5,5,5,5,5,5,5,5,5
7242,42424,1,5,5,5,5,5,5,5,4,5,4,5,5,5,5,5,5,5,5,5,999,999,999,999,999,4.894736842, 
7242,42424,0,4,4,5,5,5,4,5,4,5,4,5,4,5,4,5,5,5,5,5,999,999,999,999,999,4.631578947, 
7244, ,1,4,4,4,5,4,4,4,3,4,3,3,4,4,4,4,4,5,4,4,3,3,3,4,3,3.947368421,3.2
7244, ,0,4,4,4,4,3,4,4,3,4,4,5,4,3,3,5,5,5,5,5,4,3,4,4,4,4.105263158,3.8
7244, ,1,3,4,3,4,4,4,4,4,4,3,3,3,3,3,4,4,5,4,4,3,4,4,3,3,3.684210526,3.4
7247,42426,1,4,4,4,4,4,5,4,3,4,4,4,4,4,4,5,4,4,4,4,999,999,999,999,999,4.052631579, 
7247,42426,0,4,5,5,5,4,5,5,5,5,5,5,5,5,5,5,5,5,5,5,999,999,999,999,999,4.894736842, 
7250,42424,1,2,3,2,3,3,4,3,3,3,3,4,3,3,2,4,4,4,4,4,4,3,3,3,3,3.210526316,3.2
7250,42424,0,4,4,4,4,4,4,5,4,4,4,5,4,4,5,4,5,5,4,5,5,4,4,4,4,4.315789474,4.2
7251,42346,0,5,5,5,5,5,5,5,5,5,5,5,5,5,5,5,5,5,5,5,4,4,4,5,4,5,4.2
7251,42346,1,5,5,5,5,5,5,5,5,5,5,5,5,5,5,5,5,5,5,5,4,5,4,4,4,5,4.2
7252,42396,1,4,3,4,3,3,4,4,3,3,3,4,4,4,4,3,4,4,4,4,4,4,4,3,4,3.631578947,3.8
7252,42396,0,3,3,3,3,3,3,4,3,4,3,3,4,4,4,4,4,4,4,4,4,4,4,4,4,3.526315789,4
7252,42396,0,4,4,4,4,3,4,4,3,4,3,4,4,4,4,5,4,4,3,4,4,3,3,4,4,3.842105263,3.6
7252,42396,1,4,4,4,4,4,4,4,4,4,3,4,4,4,4,4,4,4,4,4,4,4,4,4,4,3.947368421,4
7253,42396,1,5,5,5,3,3,4,5,4,4,3,5,4,4,3,3,3,4,3,3,4,3,3,3,3,3.842105263,3.2
7253,42396,0,5,5,4,5,4,5,5,4,5,5,5,5,5,4,5,5,5,5,5,4,4,5,5,5,4.789473684,4.6
7253,42396,0,5,5,5,5,4,5,5,4,5,4,5,5,5,5,5,5,5,5,5,4,4,4,5,5,4.842105263,4.4
7253,42396,1,5,5,5,5,5,5,5,5,5,5,5,5,5,5,4,5,5,5,5,5,5,5,5,5,4.947368421,5
7254,42426,1,4,4,4,4,3,3,4,4,5,4,4,4,4,5,5,5,5,5,5,5,4,4,5,4,4.263157895,4.4
7254,42426,0,4,4,5,5,4,4,4,4,5,5,5,4,4,4,5,5,5,5,5,999,999,999,999,999,4.526315789, 
7255,42346,0,3,4,4,5,5,4,5,5,4,4,4,3,3,3,4,5,5,5,5,4,5,5,5,4,4.210526316,4.6
7255,42346,1,5,5,5,5,5,5,5,5,5,5,5,5,5,5,5,5,5,5,5,4,5,5,5,5,5,4.8
7256,42342,0,3,3,3,3,2,3,2,2,3,3,3,2,3,2,4,4,4,4,4,3,3,3,3,3,3,3
7256,42342,1,4,4,4,5,5,4,4,5,5,4,5,5,5,5,5,5,5,5,5,4,4,4,4,4,4.684210526,4
7257, ,1,4,4,4,4,4,4,4,4,3,4,3,3,4,4,4,3,4,3,3,4,3,3,3,2,3.684210526,3
7257, ,0,4,4,4,4,4,5,4,3,5,5,4,4,3,5,5,5,5,4,5,4,4,3,3,3,4.315789474,3.4
7257, ,1,4,4,3,3,4,4,3,3,3,3,4,3,3,3,4,3,3,3,3,3,3,2,3,2,3.315789474,2.6
7258,42341,0,3,3,3,2,2,4,3,2,3,3,3,3,3,3,4,4,5,4,5,3,3,3,3,3,3.263157895,3
7258,42341,1,5,5,4,5,5,5,5,5,5,4,4,5,5,5,4,5,5,4,4,4,3,3,4,4,4.684210526,3.6
7259, ,1,3,3,3,3,3,5,3,3,4,4,5,3,3,3,5,5,4,4,4,3,4,2,2,2,3.684210526,2.6
7259, ,0,4,4,3,5,3,5,3,4,5,4,5,4,4,4,5,5,5,5,5,4,4,4,4,4,4.315789474,4
7259, ,1,3,3,3,4,3,5,3,3,3,4,5,4,4,3,4,5,4,4,4,3,3,3,3,3,3.736842105,3
7260,42396,1,999,999,999,999,999,999,999,999,999,999,999,999,999,999,999,999,999,999,999,999,999,999,999,999, , 
7260,42396,0,999,999,999,999,999,999,999,999,999,999,999,999,999,999,4,4,4,4,4,999,999,999,999,999,4, 
7260,42396,0,999,999,999,999,999,999,4,4,999,999,999,999,999,999,4,999,999,4,4,999,999,999,999,999,4, 
7260,42396,1,999,999,999,999,999,4,4,999,4,999,999,999,999,999,999,999,999,999,999,999,999,999,999,999,4, 
7262,42341,0,5,4,4,4,4,5,5,5,5,5,5,5,5,5,5,5,5,5,5,4,4,4,4,4,4.789473684,4
7262,42341,1,5,5,5,5,5,5,5,5,5,5,5,5,5,5,5,5,5,5,5,4,4,4,4,4,5,4
7263,42346,0,4,5,5,5,3,4,5,3,5,4,5,5,4,5,5,5,5,5,5,5,5,4,4,5,4.578947368,4.6
7263,42346,1,4,5,5,5,5,5,5,5,5,4,5,5,4,5,5,5,5,4,4,5,5,4,5,5,4.736842105,4.8
7264,42426,1,5,5,5,3,3,3,5,3,5,5,5,5,5,5,5,5,5,4,5,5,5,4,4,4,4.526315789,4.4
7264,42426,0,4,4,4,5,5,4,4,5,5,5,5,4,4,4,5,5,5,5,5,4,3,3,4,5,4.578947368,3.8
7265, ,1,5,5,5,5,5,5,5,4,5,5,5,4,5,5,5,5,5,5,5,5,5,4,5,4,4.894736842,4.6
7265, ,0,4,5,4,5,5,5,5,5,5,5,5,5,5,5,5,5,5,5,5,5,5,4,5,5,4.894736842,4.8
7265, ,1,5,5,5,5,5,5,5,5,5,5,5,5,5,5,5,5,5,5,5,5,5,5,5,5,5,5
7267,42346,0,4,4,4,4,4,4,4,4,4,4,4,4,4,4,4,4,4,4,4,3,3,3,3,3,4,3
7267,42346,1,4,4,4,4,4,4,4,4,4,4,4,4,4,4,4,4,4,4,4,3,3,3,3,3,4,3
7268, ,1,4,4,4,4,5,5,4,4,4,5,4,4,4,3,4,4,4,4,5,4,4,3,4,4,4.157894737,3.8
7268, ,0,5,5,5,5,5,5,5,5,5,5,5,5,5,4,5,5,5,5,5,5,5,4,5,5,4.947368421,4.8
7268, ,1,4,4,4,5,5,5,5,5,4,4,4,4,4,3,4,4,4,5,5,4,5,4,4,4,4.315789474,4.2
7269,42396,1,4,4,4,4,3,3,4,4,3,4,4,4,4,4,4,4,4,4,4,4,4,4,4,4,3.842105263,4
7269,42396,0,3,3,3,3,3,3,3,3,3,3,3,3,3,3,3,3,3,3,3,4,4,4,4,4,3,4
7269,42396,0,4,4,4,4,4,4,4,3,3,4,4,4,4,3,4,4,4,4,4,4,4,4,4,4,3.842105263,4
7269,42396,1,4,4,4,4,4,4,4,4,4,4,4,4,4,4,4,4,4,4,4,4,4,4,4,4,4,4
7271,42396,1,5,5,5,5,5,5,5,5,5,5,5,5,5,5,4,5,5,5,5,999,999,999,999,999,4.947368421, 
7271,42395,0,4,4,5,3,3,4,5,3,4,4,5,5,5,5,5,5,5,5,5,999,999,999,999,999,4.421052632, 
7271,42396,0,3,3,3,3,3,3,3,3,3,3,4,3,4,4,5,5,5,4,5,999,999,999,999,999,3.631578947, 
7271,42396,1,5,5,5,5,5,5,5,5,5,5,5,4,5,5,4,5,5,5,5,999,999,999,999,999,4.894736842, 
7272,42347,0,4,4,4,4,4,4,4,4,4,4,5,4,4,3,4,4,5,4,4,4,4,5,4,4,4.052631579,4.2
7272,42346,1,4,4,4,4,4,4,5,4,5,5,4,4,4,4,4,4,5,4,4,4,4,5,5,4,4.210526316,4.4
7273,42346,0,4,4,4,3,3,4,4,4,4,3,5,5,5,5,5,5,5,5,5,5,5,5,5,5,4.315789474,5
7273, ,1,4,4,4,5,5,5,5,5,5,5,5,5,5,5,5,5,5,5,5,5,5,5,5,5,4.842105263,5
7274,42424,1,3,3,4,4,3,4,4,3,4,4,4,4,4,3,4,3,4,4,4,4,4,4,4,4,3.684210526,4
7274,42424,0,4,4,4,5,3,4,4,3,4,4,5,5,5,4,5,4,5,4,5,4,4,3,4,4,4.263157895,3.8
7276,42346,0,5,5,5,4,3,5,5,3,5,4,5,3,4,4,5,5,5,5,5,5,4,5,5,5,4.473684211,4.8
7276,42346,1,5,5,5,4,5,3,4,5,5,4,4,5,5,5,4,4,5,5,5,5,5,5,5,5,4.578947368,5
7277,42341,0,3,4,4,2,3,3,3,2,3,2,4,3,3,4,4,4,4,5,5,3,3,3,3,3,3.421052632,3
7277,42341,1,4,4,4,4,4,4,4,5,5,5,4,4,4,4,4,4,4,4,4,5,5,5,5,5,4.157894737,5
7278, ,1,3,4,3,3,3,3,4,3,4,3,3,3,3,4,4,4,4,3,3,3,3,3,4,4,3.368421053,3.4
7278, ,0,4,3,3,4,4,3,4,4,4,4,5,3,4,4,5,5,5,3,4,4,4,3,4,3,3.947368421,3.6
7278, ,1,4,4,4,4,5,5,5,5,5,4,4,5,5,5,3,4,4,3,3,4,3,3,3,3,4.263157895,3.2
7279,42426,1,4,4,4,5,5,5,5,5,5,4,4,4,5,4,4,3,4,3,3,4,4,4,4,3,4.210526316,3.8
7279,42426,0,4,4,4,5,5,5,5,5,5,4,5,5,5,5,5,5,5,4,4,4,4,5,4,5,4.684210526,4.4
7280,42424,1,999,999,999,999,999,999,999,999,999,999,999,999,999,999,999,999,999,999,999,999,999,999,999,999, , 
7280,42424,0,5,5,5,5,5,5,5,5,5,5,5,5,5,5,5,5,5,5,5,5,5,5,5,5,5,5
7281,42426,1,4,4,4,5,5,5,5,5,5,5,5,4,5,5,5,5,5,5,5,4,5,4,5,5,4.789473684,4.6
7281,42426,0,4,4,3,4,4,4,3,4,4,4,5,4,4,4,5,5,5,5,5,4,3,4,4,5,4.210526316,4
7282,42341,0,4,4,4,4,4,5,4,4,4,4,4,4,4,4,4,4,4,4,4,4,4,4,4,4,4.052631579,4
7282,42341,1,4,4,4,5,5,4,5,5,4,4,4,4,4,5,4,4,4,4,4,4,4,4,4,4,4.263157895,4
7283,42426,1,5,5,5,5,5,5,5,5,5,5,5,5,5,5,5,5,5,5,5,5,5,5,5,5,5,5
7283,42426,0,5,5,5,5,5,5,5,5,5,5,5,5,5,5,5,5,5,5,5,5,5,5,5,5,5,5
7286,42396,1,5,5,5,4,5,5,5,4,5,4,5,5,5,5,5,5,5,5,5,999,999,999,999,999,4.842105263, 
7286,42396,0,3,4,4,3,3,3,4,3,3,4,3,3,3,3,5,5,5,5,5,999,999,999,999,999,3.736842105, 
7286,42396,0,3,3,2,3,3,4,3,3,3,3,4,2,3,2,4,5,5,5,5,999,999,999,999,999,3.421052632, 
7286,42396,1,5,5,4,4,5,5,5,5,5,4,5,5,5,4,3,4,4,4,5,999,999,999,999,999,4.526315789, 
7287,42341,0,3,3,3,3,3,4,3,3,3,3,4,3,3,4,4,4,4,4,4,3,3,4,4,4,3.421052632,3.6
7288,42341,0,4,4,3,4,3,5,4,4,4,4,5,4,5,4,5,5,5,4,5,4,3,4,3,3,4.263157895,3.4
7288,42341,1,4,4,4,5,5,5,5,5,5,4,5,5,5,5,4,4,5,5,5,5,4,4,4,4,4.684210526,4.2
7289,42341,0,2,3,2,3,3,4,3,3,3,3,3,3,3,2,4,4,4,4,4,3,3,4,4,4,3.157894737,3.6
7289,42341,1,3,3,3,4,5,3,4,5,4,3,3,3,3,3,4,4,3,3,4,3,3,3,3,4,3.526315789,3.2
7290,42396,1,4,4,4,4,3,3,4,3,4,3,4,4,4,5,4,4,4,4,4,4,4,4,4,4,3.842105263,4
7290,42396,0,4,4,4,4,3,3,3,3,3,3,3,2,3,2,4,4,4,4,4,3,4,4,4,4,3.368421053,3.8
7290,42396,0,2,2,2,3,3,4,2,3,2,3,3,1,2,1,4,3,4,4,4,1,3,2,4,3,2.736842105,2.6
7290,42396,1,4,4,3,3,4,4,4,4,3,3,3,3,3,3,3,3,3,3,3,4,3,4,4,4,3.315789474,3.8
7291,42424,1,999,999,999,999,999,999,999,999,999,999,999,999,999,999,999,999,999,999,999,999,999,999,999,999, , 
7291,42424,0,4,3,3,5,4,5,4,3,4,4,4,4,4,2,5,5,5,4,3,4,3,4,3,2,3.947368421,3.2
7292, ,1,4,4,4,4,4,4,4,4,4,4,4,4,4,4,4,4,4,4,4,4,4,4,4,4,4,4
7292, ,0,5,5,5,5,5,5,5,5,5,5,5,5,5,5,5,5,5,5,5,5,5,5,5,5,5,5
7292, ,1,4,4,4,4,4,4,4,4,4,4,4,4,4,4,4,4,4,4,4,4,4,4,4,4,4,4
7293,42424,1,3,4,4,3,4,4,4,4,4,3,4,4,4,3,4,4,4,3,3,3,3,3,3,3,3.684210526,3
7293,42424,0,4,4,4,5,4,4,4,4,5,4,5,4,4,4,4,4,5,3,3,4,4,3,4,3,4.105263158,3.6
7294, ,1,5,5,5,5,5,5,5,5,5,5,5,5,5,5,5,5,5,5,5,4,5,5,5,5,5,4.8
7294, ,0,5,5,5,5,5,5,5,5,5,5,5,5,5,5,5,5,5,5,5,4,4,5,5,5,5,4.6
7294, ,1,5,5,5,5,5,5,5,5,5,5,5,5,5,5,5,5,5,5,5,4,5,5,5,5,5,4.8
7295,42396,1,5,5,5,5,5,5,5,5,5,5,5,5,5,5,3,5,5,5,5,999,999,999,999,999,4.894736842, 
7295,42396,0,3,3,3,4,3,3,3,2,2,3,2,2,3,3,4,3,3,4,4,999,999,999,999,999,3, 
7295,42396,0,4,3,4,4,4,3,2,2,2,3,3,3,3,1,5,3,3,4,5,999,999,999,999,999,3.210526316, 
7295,42396,1,5,5,5,5,4,5,5,4,5,5,5,5,5,5,4,5,5,5,4,999,999,999,999,999,4.789473684, 
7296,42396,1,4,5,5,4,4,4,4,4,4,4,3,4,4,4,4,4,4,4,4,4,4,4,5,5,4.052631579,4.4
7296,42396,0,3,4,4,4,4,4,4,4,4,4,4,4,4,4,4,4,4,4,4,4,4,4,4,4,3.947368421,4
7296,42396,0,3,4,4,4,4,4,4,4,4,4,4,3,4,3,5,5,5,5,5,4,4,4,4,4,4.105263158,4
7296,42396,1,4,5,4,4,4,5,4,5,4,4,4,4,4,4,4,4,4,4,4,4,4,5,4,5,4.157894737,4.4
7298,42426,1,4,4,4,5,5,4,5,5,5,4,4,5,5,5,5,4,5,3,4,4,4,4,4,4,4.473684211,4
7298,42426,0,4,5,5,4,4,5,4,4,5,5,5,4,4,5,5,5,5,3,4,4,5,4,5,4,4.473684211,4.4
7299,42341,0,4,4,4,4,4,4,4,4,4,4,4,4,4,4,4,4,4,4,4,4,4,4,4,4,4,4
7299,42341,1,4,4,4,4,4,4,4,4,4,4,4,4,4,4,4,4,4,4,4,4,4,4,4,4,4,4
7300,42018,0,4,4,4,5,5,5,5,5,5,5,5,5,5,5,5,5,5,4,4,4,4,4,5,5,4.736842105,4.4
7300,42018,0,4,4,4,5,4,4,5,5,5,5,4,5,5,5,5,5,5,5,5,4,4,4,5,5,4.684210526,4.4
7301, ,1,2,4,4,5,5,5,4,4,4,3,5,3,4,4,5,5,5,3,4,5,5,3,3,4,4.105263158,4
7301, ,0,4,4,4,5,5,5,4,3,5,5,5,4,3,3,5,5,5,5,5,4,4,5,5,5,4.421052632,4.6
7301, ,1,4,4,4,5,3,3,4,2,5,4,3,4,4,5,5,5,5,5,5,4,4,4,4,4,4.157894737,4
7302, ,0,4,4,4,4,4,5,5,5,5,4,4,4,4,4,5,5,5,4,4,999,999,999,999,999,4.368421053, 
7302, ,1,4,4,4,4,4,5,5,5,5,5,5,5,4,4,5,5,5,4,4,999,999,999,999,999,4.526315789, 
7303, ,0,3,4,3,4,4,4,3,3,3,4,4,999,4,4,5,5,5,5,5,4,4,5,4,4,4,4.2
7303, ,1,4,4,5,3,4,3,4,4,5,4,4,4,3,3,4,4,5,5,5,4,3,4,4,4,4.052631579,3.8
7304,42424,1,4,4,4,4,3,5,4,3,4,4,5,4,4,4,5,5,5,5,5,4,5,5,5,5,4.263157895,4.8
7304,42424,0,5,5,5,5,5,5,5,4,5,5,5,5,5,5,5,5,5,5,5,5,5,5,5,5,4.947368421,5
7306, ,1,5,5,5,5,4,4,5,3,5,4,4,5,5,5,4,4,5,5,4,5,4,4,5,4,4.526315789,4.4
7306, ,0,4,5,4,5,4,5,5,4,5,5,5,4,4,4,5,5,5,5,5,4,5,5,4,5,4.631578947,4.6
7306, ,1,5,5,4,4,4,5,5,4,5,4,5,4,4,5,4,5,5,4,4,4,4,5,5,5,4.473684211,4.6
7307,42346,0,5,5,5,3,3,5,5,3,4,4,5,5,5,5,5,5,5,5,5,4,4,5,5,4,4.578947368,4.4
7307,42346,1,5,5,5,5,5,5,5,5,5,5,5,5,5,5,5,5,5,5,5,5,5,5,5,5,5,5
7308,42396,1,4,4,4,4,3,3,4,3,5,4,3,4,4,5,5,4,4,4,4,4,4,4,4,4,3.947368421,4
7308,42395,0,4,3,4,4,3,4,4,3,4,4,4,4,4,4,4,4,4,4,4,4,4,4,4,4,3.842105263,4
7308,42396,0,4,4,4,5,3,4,4,4,4,4,4,4,4,4,4,4,4,4,4,4,4,4,4,4,4,4
7308,42396,1,4,4,4,4,4,3,4,4,4,4,3,4,4,5,5,4,4,4,4,4,3,4,4,4,4,3.8
7310,42341,0,4,3,3,4,4,5,4,3,4,4,5,5,4,4,4,5,4,5,5,4,3,4,4,4,4.157894737,3.8
7310,42341,1,4,4,4,4,5,4,4,5,5,4,5,5,4,4,5,5,4,4,4,4,4,4,4,4,4.368421053,4
7311,42396,1,4,4,4,3,2,2,3,2,3,2,3,3,2,2,3,4,4,3,3,3,4,3,3,3,2.947368421,3.2
7311,42395,0,4,3,4,4,2,3,3,3,4,3,3,3,3,4,4,5,5,5,5,3,3,3,3,3,3.684210526,3
7311,42396,0,2,2,2,3,2,3,2,1,2,2,3,2,2,2,4,4,4,4,4,2,2,2,2,3,2.631578947,2.2
7311,42396,1,4,3,3,1,2,2,3,2,2,2,3,3,2,2,1,3,3,2,1,1,2,1,2,1,2.315789474,1.4
7312, ,1,999,999,4,3,3,999,3,3,3,999,3,3,3,4,4,4,4,4,4,4,4,4,4,4,3.466666667,4
7312, ,0,999,999,999,3,2,4,3,1,3,3,5,3,2,3,4,5,5,5,5,3,3,3,3,3,3.5,3
7312, ,1,999,999,999,3,3,3,3,1,3,3,3,2,999,3,4,4,4,4,4,3,4,4,3,3,3.133333333,3.4
7313,42341,0,4,4,4,4,5,5,5,5,5,4,5,5,4,5,5,5,5,5,5,5,3,4,4,5,4.684210526,4.2
7313,42341,1,5,5,5,5,5,5,5,5,5,4,5,5,5,5,5,5,5,5,5,5,4,4,5,4,4.947368421,4.4
7314, ,1,5,5,5,5,4,5,4,5,5,5,5,5,3,5,5,5,5,3,3,4,4,4,5,2,4.578947368,3.8
7314, ,0,5,5,5,5,5,5,5,4,5,5,5,5,5,5,4,5,5,4,4,5,5,5,5,5,4.789473684,5
7314, ,1,4,4,5,5,5,5,4,4,4,5,5,5,4,4,4,5,5,4,4,4,4,2,3,3,4.473684211,3.2
7315,42341,0,4,4,4,4,5,5,4,4,4,5,5,4,4,4,5,5,5,5,5,4,4,5,5,5,4.473684211,4.6
7315,42341,1,5,4,5,4,5,4,5,5,5,4,4,4,5,5,5,5,5,4,5,4,5,5,5,5,4.631578947,4.8
7318,42426,1,5,5,5,5,5,5,5,5,5,5,5,5,5,5,5,5,5,5,5,5,4,5,5,5,5,4.8
7318,42426,0,5,5,5,5,5,5,5,5,5,5,5,5,5,5,5,5,5,5,5,4,5,5,5,5,5,4.8
7320,42346,0,5,5,4,3,3,5,5,3,3,4,5,5,5,5,5,4,5,5,5,5,5,4,5,5,4.421052632,4.8
7320,42346,1,5,5,5,5,5,5,5,5,5,4,4,5,5,5,5,5,5,5,5,5,5,4,5,5,4.894736842,4.8
7321,42346,0,5,5,5,5,5,5,5,5,5,5,5,5,5,5,5,5,5,5,5,5,5,5,5,5,5,5
7321,42346,1,5,5,5,5,5,5,5,5,5,5,5,5,5,5,5,5,5,5,5,5,5,5,5,5,5,5
7322,42346,0,5,5,5,5,5,5,5,4,5,5,5,4,4,5,5,5,5,4,5,4,4,4,4,4,4.789473684,4
7322,42346,1,5,5,5,5,5,5,5,5,5,5,5,5,5,5,5,5,5,5,5,4,4,4,4,4,5,4
7324,42396,1,4,4,4,3,2,2,4,2,3,2,2,4,4,4,2,2,3,2,2,3,4,2,3,2,2.894736842,2.8
7324,42396,0,4,4,3,4,2,3,5,3,4,3,3,4,4,4,4,4,4,2,2,4,4,2,3,4,3.473684211,3.4
7324,42396,0,3,3,3,3,3,4,3,3,3,4,4,3,3,3,5,5,5,5,5,4,4,4,4,4,3.684210526,4
7324,42396,1,2,3,3,2,2,3,3,2,3,2,2,3,3,3,3,3,3,2,2,3,3,2,2,1,2.578947368,2.2
7325, ,1,4,4,4,4,5,5,4,5,5,4,4,4,4,5,4,4,5,4,4,999,999,999,999,999,4.315789474, 
7325, ,0,3,3,2,4,3,3,4,3,3,3,2,3,4,4,4,4,5,4,5,999,999,999,999,999,3.473684211, 
7325, ,0,3,3,3,3,3,3,3,3,4,4,4,4,4,4,4,5,4,4,4,999,999,999,999,999,3.631578947, 
7325, ,1,4,4,4,4,4,4,4,3,4,4,3,3,3,4,4,4,4,4,4,999,999,999,999,999,3.789473684, 
7326,42396,1,4,4,4,4,4,5,5,5,5,3,4,4,4,3,3,4,4,5,5,5,3,4,4,4,4.157894737,4
7326,42396,0,3,4,4,4,2,5,5,2,5,4,5,4,4,5,5,5,4,3,4,5,0,4,0,4,4.052631579,2.6
7326,42396,0,3,3,3,4,4,5,5,4,4,5,5,3,3,4,5,5,4,4,4,5,4,4,4,4,4.052631579,4.2
7326,42396,1,4,4,4,4,3,4,4,4,4,4,3,3,3,3,4,4,4,5,5,4,4,4,4,4,3.842105263,4
7327,42396,1,5,5,5,5,4,5,5,4,5,4,5,5,5,5,5,4,5,4,3,5,4,5,4,5,4.631578947,4.6
7327,42396,0,4,4,4,3,4,4,5,3,5,5,5,5,5,5,5,5,5,4,4,4,3,4,4,4,4.421052632,3.8
7327,42396,0,3,3,3,4,4,4,4,4,4,5,3,3,5,4,5,5,5,5,5,4,5,4,4,3,4.105263158,4
7327,42396,1,4,3,4,4,5,4,5,5,5,4,5,5,5,5,3,4,5,3,3,4,4,3,4,3,4.263157895,3.6
7328,42396,1,5,5,5,3,3,4,5,3,5,4,4,5,5,5,3,3,5,3,4,3,4,4,4,4,4.157894737,3.8
7328,42396,0,4,4,4,3,3,4,5,3,4,5,4,5,5,5,5,5,5,4,4,4,3,4,4,3,4.263157895,3.6
7328,42396,0,4,4,4,4,3,3,4,3,4,4,3,4,4,4,5,5,5,5,5,5,4,4,3,5,4.052631579,4.2
7328,42396,1,4,5,4,5,5,5,5,5,5,5,4,4,5,5,4,4,5,5,5,5,5,4,5,4,4.684210526,4.6
7329,42396,1,4,4,4,2,2,2,4,2,3,3,2,3,3,4,3,3,4,4,4,3,3,3,2,3,3.157894737,2.8
7329,42396,0,2,2,2,2,2,2,2,2,2,2,3,2,3,3,3,3,3,4,4,2,2,2,2,2,2.526315789,2
7329,42396,0,5,5,4,4,4,4,5,4,4,4,5,4,4,4,5,5,4,5,5,5,5,4,5,5,4.421052632,4.8
7329,42396,1,4,4,4,3,3,4,4,3,4,3,4,4,4,3,4,3,4,4,4,4,4,4,3,4,3.684210526,3.8
7330,42396,1,4,4,4,2,2,3,4,3,4,3,3,4,4,5,5,4,4,4,4,2,4,4,4,3,3.684210526,3.4
7330,42396,0,3,3,3,4,4,3,4,3,4,4,4,3,4,4,5,5,5,4,4,4,4,4,4,4,3.842105263,4
7330,42396,0,4,4,3,5,5,5,3,4,4,4,4,3,5,4,5,5,5,4,5,4,4,4,4,4,4.263157895,4
7330,42396,1,4,4,4,4,4,4,4,4,4,4,4,4,4,4,4,4,4,4,4,4,4,4,4,4,4,4
7331,42396,1,4,4,4,3,3,3,4,3,4,3,3,4,4,4,3,3,3,3,3,3,3,3,3,3,3.421052632,3
7331,42396,0,2,2,2,2,2,2,2,2,2,2,2,2,2,2,2,2,2,2,2,2,2,2,2,2,2,2
7331,42396,0,3,3,3,3,2,3,3,2,3,3,3,3,4,4,4,4,4,2,2,3,3,3,3,3,3.052631579,3
7331,42396,1,4,4,4,5,5,5,5,5,5,5,5,5,5,5,5,4,4,4,4,5,5,5,5,5,4.631578947,5
7332,42396,1,5,5,5,2,2,2,5,2,5,3,2,5,4,5,3,5,5,5,5,5,5,3,4,3,3.947368421,4
7332,42396,0,999,999,999,999,999,999,999,999,999,999,999,999,999,999,999,999,999,999,999,999,999,999,999,999, , 
7332,42396,0,3,3,3,4,3,5,3,3,4,3,4,2,3,3,5,5,5,5,5,4,4,5,4,5,3.736842105,4.4
7332,42396,1,5,5,5,5,5,5,5,5,5,5,5,5,5,5,5,5,5,5,5,5,5,5,5,5,5,5
7333,42396,1,3,3,3,2,2,2,4,2,3,3,2,3,3,4,3,4,4,4,3,2,3,3,2,3,3,2.6
7333,42396,0,2,2,2,2,2,3,2,2,2,2,3,2,2,2,4,4,4,4,4,1,1,2,2,2,2.631578947,1.6
7333,42396,0,3,3,3,4,4,4,4,3,4,4,3,4,4,4,5,5,4,4,5,4,5,3,4,4,3.894736842,4
7333,42396,1,3,3,3,3,4,4,3,3,4,3,4,3,4,4,4,4,4,4,3,3,2,3,4,4,3.526315789,3.2
7335,42396,1,4,2,4,2,2,2,4,2,4,2,2,4,4,4,2,2,4,2,2,2,3,3,2,1,2.842105263,2.2
7335,42396,0,4,4,3,4,3,4,4,4,4,4,5,4,4,3,5,5,4,4,4,2,3,2,3,3,4,2.6
7335,42396,0,3,3,3,5,5,5,3,2,4,5,5,4,4,5,5,5,5,3,3,4,4,4,4,4,4.052631579,4
7335,42396,0,3,3,2,4,4,5,2,3,3,4,5,2,2,2,5,5,5,5,5,3,4,4,4,4,3.631578947,3.8
7335,42396,1,4,3,4,3,3,3,5,4,5,2,2,4,4,5,2,2,4,3,2,2,2,2,3,2,3.368421053,2.2
7336,42396,1,5,4,4,2,2,4,5,2,5,2,4,4,4,5,4,4,4,2,5,2,4,2,2,4,3.736842105,2.8
7336,42396,0,4,4,4,4,3,5,4,3,3,3,5,4,4,4,5,5,5,4,5,4,3,2,5,5,4.105263158,3.8
7336,42396,1,5,5,4,5,4,4,4,4,4,4,5,4,4,4,4,4,4,3,4,4,3,3,4,3,4.157894737,3.4
7337,42396,1,5,5,5,4,5,5,5,5,5,5,5,5,5,5,4,4,4,5,5,5,5,5,5,5,4.789473684,5
7337,42396,0,2,2,2,4,3,5,2,3,2,5,5,2,2,2,5,5,5,5,5,3,4,3,3,5,3.473684211,3.6
7337,42396,1,5,5,5,5,3,5,5,3,5,5,5,5,5,5,4,4,4,5,5,5,5,3,5,3,4.631578947,4.2
7338,42396,1,4,5,5,3,4,4,5,5,5,3,3,5,5,5,3,3,4,3,3,4,0,3,3,3,4.052631579,2.6
7338,42395,0,3,2,2,2,2,2,5,1,3,2,2,4,3,4,3,3,3,3,3,1,0,2,1,2,2.736842105,1.2
7338,42396,0,3,4,2,4,2,4,2,2,2,4,4,2,3,3,4,4,4,4,5,3,0,4,3,4,3.263157895,2.8
7338, ,1,3,3,3,2,4,2,4,4,4,2,2,4,4,4,3,2,2,2,2,999,999,999,999,999,2.947368421, 
7339,42383,0,4,5,5,4,3,4,4,3,5,4,5,5,5,5,5,5,5,4,4,4,3,4,4,4,4.421052632,3.8
7339,42383,0,4,4,4,4,3,4,4,3,4,4,5,3,4,4,5,4,4,4,4,3,4,4,3,4,3.947368421,3.6
7340,42383,0,4,4,4,3,5,4,4,4,4,4,3,4,3,4,5,5,5,4,4,4,3,4,5,5,4.052631579,4.2
7340,42382,0,3,3,2,4,4,5,3,4,4,5,5,2,4,2,5,5,5,4,4,5,4,5,5,5,3.842105263,4.8
7341,42383,0,4,4,4,3,4,5,5,4,4,4,4,5,5,5,4,4,4,3,3,4,4,3,3,3,4.105263158,3.4
7341,42382,0,5,5,5,5,5,5,5,4,5,4,4,4,5,5,4,5,5,4,4,5,4,5,5,5,4.631578947,4.8
7342,42384,0,4,4,5,5,5,4,5,4,5,4,4,5,5,5,5,5,5,5,5,5,4,5,5,5,4.684210526,4.8
7342,42383,0,4,5,4,5,4,4,5,4,5,4,4,5,5,5,5,5,5,5,5,5,5,5,5,5,4.631578947,5
7343,42383,0,5,4,4,4,4,5,5,5,5,4,5,4,5,5,5,5,5,5,5,5,5,4,4,5,4.684210526,4.6
7343,42383,0,5,5,4,4,4,5,5,5,5,5,5,5,5,5,5,5,5,5,5,5,5,5,5,5,4.842105263,5
7344,42383,0,4,4,4,5,3,4,5,3,4,3,5,4,5,4,5,5,5,5,5,4,5,4,4,4,4.315789474,4.2
7344,42382,0,3,3,3,2,2,4,4,2,3,3,3,3,3,4,4,2,3,3,3,2,2,1,2,2,3,1.8
7345,42383,0,4,4,4,4,3,5,5,5,4,4,5,3,4,4,4,5,5,3,3,4,4,4,4,4,4.105263158,4
7345,42383,0,4,4,4,4,3,5,5,5,4,4,5,3,4,4,4,5,5,3,3,4,4,4,4,4,4.105263158,4
7345,42382,0,3,5,4,3,3,4,5,4,4,3,4,3,5,4,5,4,4,3,4,4,4,3,3,4,3.894736842,3.6
7346,42383,0,5,5,5,5,5,5,5,5,5,5,5,4,5,5,5,5,5,5,5,5,5,5,5,5,4.947368421,5
7346,42382,0,4,4,4,4,4,5,4,4,4,4,4,4,4,4,5,5,5,4,4,4,5,4,5,4,4.210526316,4.4
7347,42383,0,4,3,3,4,5,5,5,4,4,4,5,4,4,3,5,4,5,4,5,5,5,4,5,3,4.210526316,4.4
7347,42383,0,5,4,4,5,4,4,4,5,5,4,3,4,4,3,4,4,4,3,4,4,4,4,4,4,4.052631579,4
7348,42383,0,4,5,4,4,4,5,5,3,5,4,4,4,5,5,4,4,5,3,3,5,5,5,5,4,4.210526316,4.8
7348,42383,0,4,4,4,4,4,3,5,4,5,4,4,4,4,5,5,4,5,4,3,5,5,3,4,5,4.157894737,4.4
7349, ,1,4,2,3,3,3,4,4,3,4,3,3,4,4,4,4,2,4,4,4,3,3,4,3,3,3.473684211,3.2
7349, ,0,2,1,3,2,2,5,3,2,4,2,5,2,2,1,5,4,4,5,5,2,3,3,3,3,3.105263158,2.8
7349, ,1,4,4,4,3,3,4,4,3,4,3,3,4,4,4,2,2,4,4,3,3,3,4,3,3,3.473684211,3.2
7350, ,1,5,5,5,4,4,5,5,4,5,5,5,5,5,5,5,5,5,5,5,4,4,4,4,4,4.842105263,4
7350, ,0,5,5,5,5,5,5,5,5,5,5,5,5,5,5,5,5,5,5,5,5,5,5,5,5,5,5
7350, ,1,5,5,5,4,4,4,5,5,5,5,5,5,5,5,5,5,5,5,5,4,4,4,4,4,4.842105263,4
7351, ,1,4,4,4,4,3,4,3,3,4,3,4,3,4,4,3,3,3,3,3,3,2,2,3,2,3.473684211,2.4
7351, ,0,5,5,5,5,5,5,5,5,5,5,5,5,5,5,5,5,5,5,5,4,4,4,3,3,5,3.6
7351, ,1,3,3,3,3,4,3,4,3,4,3,3,3,3,3,3,3,3,3,3,3,3,3,3,2,3.157894737,2.8
7352, ,1,4,4,4,4,4,5,4,4,4,5,5,3,4,4,5,4,5,5,5,4,4,4,4,5,4.315789474,4.2
7352, ,0,5,5,5,5,5,5,5,5,5,5,5,5,5,5,5,5,5,5,5,4,3,3,4,3,5,3.4
7352, ,1,4,4,4,4,4,5,4,5,4,4,4,3,4,4,5,5,5,4,5,4,5,4,4,5,4.263157895,4.4
7353, ,1,5,5,4,5,4,5,5,4,5,5,5,5,5,5,5,5,5,5,5,5,5,5,5,5,4.842105263,5
7353, ,0,5,5,5,5,5,5,5,5,5,5,5,5,5,5,5,5,5,5,5,5,5,5,5,5,5,5
7353, ,1,5,5,5,5,5,5,5,5,5,5,5,5,5,5,5,5,5,5,5,5,5,5,5,5,5,5
7354, ,1,5,5,5,4,4,5,5,4,5,5,5,5,5,5,4,5,5,5,5,5,5,5,5,5,4.789473684,5
7354, ,0,4,5,4,5,5,5,5,4,5,5,5,5,5,5,5,5,5,5,5,5,4,4,5,5,4.842105263,4.6
7354, ,1,5,5,4,5,4,5,5,4,5,5,5,5,5,5,5,5,5,5,5,5,5,5,5,5,4.842105263,5
7355, ,1,4,3,3,4,4,4,4,3,4,4,3,3,3,4,4,4,4,3,4,3,4,4,4,3,3.631578947,3.6
7355, ,0,4,4,4,4,4,4,4,4,4,4,3,3,4,4,4,5,4,5,4,4,4,4,4,4,4,4
7355, ,1,4,4,4,4,4,4,4,3,4,4,4,3,4,4,4,4,4,3,4,4,4,3,4,3,3.842105263,3.6
7356, ,1,4,5,4,3,3,4,5,4,5,4,3,4,5,5,3,3,3,4,4,4,5,4,4,3,3.947368421,4
7356, ,0,5,4,4,5,4,5,4,4,5,5,5,3,4,4,5,5,5,3,4,4,4,3,4,5,4.368421053,4
7356, ,1,4,4,4,4,3,4,5,4,4,3,4,3,3,4,4,3,3,4,4,4,5,5,4,4,3.736842105,4.4
7357, ,1,3,2,2,3,3,4,2,3,2,2,3,3,3,2,4,3,2,3,3,4,3,2,3,2,2.736842105,2.8
7357, ,0,4,4,4,5,5,5,5,4,5,5,5,4,4,4,5,5,5,5,5,5,4,5,5,5,4.631578947,4.8
7357, ,1,2,2,3,2,2,4,2,2,2,2,3,2,3,3,4,2,2,2,2,4,4,2,2,2,2.421052632,2.8
7358, ,1,4,4,4,4,3,4,4,4,4,3,4,4,3,3,3,3,4,4,4,4,4,3,4,3,3.684210526,3.6
7358, ,0,4,4,4,4,4,4,4,4,4,4,4,4,3,4,4,4,4,4,4,4,4,4,4,4,3.947368421,4
7358, ,1,4,4,4,3,3,3,4,3,3,3,3,4,3,3,4,3,4,4,4,4,4,2,3,3,3.473684211,3.2
7359, ,1,4,4,4,5,5,3,4,4,5,4,4,4,4,5,5,5,5,3,5,3,3,3,3,4,4.315789474,3.2
7359, ,0,4,4,4,4,5,5,4,4,5,4,5,4,3,5,5,5,5,3,5,3,3,3,3,4,4.368421053,3.2
7359, ,1,4,4,4,4,3,4,5,4,5,4,5,5,5,5,5,5,5,3,5,3,3,3,3,4,4.421052632,3.2
7360, ,1,5,4,4,4,5,5,5,4,5,5,4,5,5,4,5,4,4,4,5,4,4,4,5,5,4.526315789,4.4
7360, ,0,4,5,4,5,5,5,5,4,4,5,5,4,5,4,5,5,5,5,5,4,4,4,5,5,4.684210526,4.4
7360, ,1,5,4,4,5,5,5,5,4,5,4,4,4,5,4,5,4,4,4,5,4,4,4,5,5,4.473684211,4.4
7361,42424,1,5,5,5,5,5,5,5,5,5,5,5,5,5,5,5,5,5,5,5,5,5,5,5,5,5,5
7361,42424,0,5,5,5,5,5,5,5,5,5,5,5,5,5,5,5,5,5,5,5,5,5,5,5,5,5,5
7362,42424,1,5,5,5,5,3,4,5,4,4,4,5,5,4,5,5,5,5,5,5,999,999,999,999,999,4.631578947, 
7362,42424,0,5,5,5,4,4,5,5,5,5,5,5,5,5,5,5,5,5,4,5,999,999,999,999,999,4.842105263, 
7363,42424,1,5,5,5,5,5,5,5,5,5,5,5,5,5,5,5,5,5,5,5,5,5,5,5,5,5,5
7363,42424,0,5,5,5,5,5,5,5,5,5,5,5,5,5,5,5,5,5,5,5,5,5,5,5,5,5,5
7364,42424,1,5,5,5,5,5,5,5,5,5,5,5,5,5,5,5,5,5,4,5,999,999,999,999,999,4.947368421, 
7364,42424,0,5,5,5,5,5,5,5,5,5,5,5,5,5,5,5,5,5,4,5,999,999,999,999,999,4.947368421, 
7365,42426,1,5,5,5,5,5,5,5,5,5,5,5,5,5,5,5,5,5,3,4,5,5,3,4,3,4.842105263,4
7365,42426,0,5,5,5,5,4,5,5,3,5,5,5,5,5,5,5,5,5,5,5,5,5,5,5,5,4.842105263,5
7366,42426,1,5,5,5,5,5,5,5,5,5,5,5,5,5,5,5,5,5,5,5,5,5,5,5,5,5,5
7366,42426,0,5,5,5,5,5,5,5,5,5,5,5,5,5,5,5,5,5,5,5,5,5,5,5,5,5,5
7367,42426,1,4,5,5,4,4,5,5,5,5,4,4,5,4,5,4,5,5,4,5,5,5,5,5,4,4.578947368,4.8
7367,42426,0,4,4,5,5,5,5,5,4,5,4,5,4,5,5,5,5,5,4,5,5,5,5,5,5,4.684210526,5
7369,42426,1,5,5,5,5,5,5,5,5,4,4,5,5,5,4,5,5,5,5,5,5,5,5,5,5,4.842105263,5
7369,42426,0,5,5,5,5,5,5,5,5,5,5,5,5,5,5,5,5,5,5,5,5,5,5,5,5,5,5
7370,42424,1,5,5,4,4,3,5,4,3,3,3,5,5,5,4,5,4,3,4,4,3,3,4,3,3,4.105263158,3.2
7370,42424,0,5,5,5,4,5,4,4,4,4,5,5,5,5,5,5,5,5,4,4,5,4,4,4,5,4.631578947,4.4
7371,42424,1,5,5,5,4,4,5,5,5,4,4,5,5,5,3,5,4,5,5,5,5,5,5,5,5,4.631578947,5
7371,42424,0,5,5,5,5,4,5,5,5,5,5,5,5,5,5,5,5,5,5,5,999,999,999,999,999,4.947368421, 
7372,42424,1,2,2,3,2,2,3,3,2,2,2,3,3,3,3,3,3,2,3,3,2,2,2,2,2,2.578947368,2
7372,42424,0,3,4,3,4,2,5,4,3,3,3,4,3,4,4,4,3,3,3,3,4,3,2,2,2,3.421052632,2.6
7373,42426,1,5,5,5,5,5,5,5,5,5,5,5,5,5,5,5,5,5,5,5,5,5,5,5,5,5,5
7373,42426,0,5,5,5,5,5,5,5,5,5,5,5,5,5,5,5,5,5,5,5,5,5,5,5,5,5,5
7374,42424,1,3,4,4,5,5,5,5,5,5,5,5,5,5,5,5,5,5,5,5,999,999,999,999,999,4.789473684, 
7374,42424,0,3,4,4,5,5,5,5,5,5,5,5,5,5,5,5,5,5,5,5,999,999,999,999,999,4.789473684, 
7375,42424,1,3,2,3,3,2,3,3,2,2,2,3,2,2,2,3,3,3,3,3,2,2,2,2,1,2.578947368,1.8
7375,42424,0,4,4,4,5,4,5,5,4,4,4,5,4,5,4,5,5,5,4,4,4,4,4,4,4,4.421052632,4
7376,42424,1,4,4,5,4,4,5,5,4,5,4,5,4,4,5,4,4,4,4,4,5,5,4,5,4,4.315789474,4.6
7376,42424,0,4,4,5,4,4,5,5,4,5,4,5,4,4,4,4,4,4,4,4,5,5,4,5,4,4.263157895,4.6
7377,42426,1,3,3,4,4,4,4,4,4,4,4,4,4,4,4,4,4,4,3,3,3,3,3,4,3,3.789473684,3.2
7377,42426,0,4,4,4,4,4,4,4,4,4,4,4,4,4,4,4,4,4,3,3,3,4,3,4,3,3.894736842,3.4
7378,42426,1,4,3,4,4,4,4,4,4,3,3,4,3,3,4,3,3,3,3,3,4,3,3,4,3,3.473684211,3.4
7378,42426,0,4,4,4,4,4,4,4,3,5,4,4,3,3,3,4,4,5,4,3,4,4,4,4,4,3.842105263,4
7379,42426,1,5,4,5,3,3,4,3,2,3,3,4,4,3,4,4,4,5,5,5,4,4,4,4,4,3.842105263,4
7379,42426,0,5,5,5,4,5,5,4,4,4,4,4,5,5,5,5,5,5,4,5,4,4,4,4,4,4.631578947,4
7380,42424,1,4,5,5,4,4,5,5,4,4,4,4,5,4,4,4,4,4,4,4,5,4,4,3,4,4.263157895,4
7380,42424,0,4,4,4,5,5,5,5,4,4,4,5,4,3,4,5,5,5,4,4,5,4,4,4,4,4.368421053,4.2
7381,42424,1,4,4,4,3,4,4,4,4,3,4,4,3,3,4,5,4,4,4,4,5,5,5,5,4,3.842105263,4.8
7381,42424,0,5,5,4,5,4,4,4,3,4,4,4,4,4,5,5,5,5,3,3,5,5,5,5,5,4.210526316,5
7382,42341,0,5,5,5,5,5,5,5,5,5,5,5,5,5,5,5,5,5,5,5,5,4,4,5,4,5,4.4
7382,42341,1,5,5,5,5,5,5,5,5,5,5,5,5,5,5,5,5,5,5,5,5,4,4,5,5,5,4.6
